Outlet_ID,Location,Store_Type,sales_month,month_num,monthly_sales,total_transactions,total_customers
OT049,Dhaka,Express,2024-01,1,114492.48,31,455
OT023,Dhaka,Superstore,2024-02,2,267695.53,29,1085
OT035,Chittagong,Convenience,2024-02,2,112124.03,29,407
OT045,Khulna,Superstore,2024-02,2,194004.23,29,788
OT001,Mymensingh,Express,2024-01,1,127551.21,31,508
OT008,Dhaka,Convenience,2024-01,1,109066.66,31,438
OT019,Dhaka,Express,2024-01,1,255442.21,31,1026
OT028,Dhaka,Express,2024-01,1,224912.9,31,874
OT036,Chittagong,Convenience,2024-01,1,69350.65,31,300
OT046,Chittagong,Mega,2024-01,1,313168.11,31,1258
OT006,Barisal,Superstore,2024-02,2,266228.75,29,1055
OT013,Khulna,Convenience,2024-02,2,113821.53,29,441
OT025,Sylhet,Express,2024-02,2,131562.74,29,505
OT026,Sylhet,Mega,2024-02,2,292469.25,29,1161
OT031,Barisal,Mega,2024-02,2,425642.48,29,1652
OT011,Chittagong,Superstore,2024-01,1,269362.29,31,1003
OT014,Chittagong,Superstore,2024-01,1,375507.28,31,1462
OT016,Rajshahi,Superstore,2024-01,1,391558.83,31,1541
OT017,Dhaka,Express,2024-01,1,240534.55,31,957
OT018,Khulna,Express,2024-01,1,97571.91,31,374
OT033,Chittagong,Superstore,2024-01,1,238907.25,31,931
OT040,Chittagong,Express,2024-01,1,236117.91,31,897
OT015,Dhaka,Superstore,2024-02,2,168811.13,29,661
OT050,Dhaka,Superstore,2024-02,2,370353.4,29,1483
OT003,Barisal,Mega,2024-01,1,263915.38,31,1034
OT037,Sylhet,Express,2024-01,1,183945.25,31,746
OT014,Chittagong,Superstore,2024-02,2,367318.07,29,1403
OT019,Dhaka,Express,2024-02,2,256016.97,29,1037
OT021,Khulna,Mega,2024-02,2,324923.1,29,1309
OT042,Sylhet,Express,2024-02,2,210630.44,29,818
OT007,Dhaka,Superstore,2024-01,1,295253.72,31,1218
OT029,Chittagong,Express,2024-01,1,228874.81,31,967
OT045,Khulna,Superstore,2024-01,1,189553.04,31,760
OT007,Dhaka,Superstore,2024-02,2,293083.47,29,1161
OT020,Mymensingh,Superstore,2024-02,2,399260.72,29,1570
OT022,Dhaka,Superstore,2024-02,2,389383.44,29,1651
OT043,Khulna,Superstore,2024-02,2,211707.85,29,823
OT005,Rajshahi,Superstore,2024-02,2,157416.75,29,637
OT027,Khulna,Superstore,2024-02,2,386407.4,29,1653
OT034,Dhaka,Convenience,2024-02,2,79695.36,29,318
OT049,Dhaka,Express,2024-02,2,112423.05,29,438
OT022,Dhaka,Superstore,2024-01,1,398217.63,31,1577
OT044,Rajshahi,Convenience,2024-01,1,61833.05,31,287
OT048,Chittagong,Express,2024-01,1,204456.76,31,759
OT008,Dhaka,Convenience,2024-02,2,108984.93,29,400
OT015,Dhaka,Superstore,2024-01,1,169119.13,31,674
OT044,Rajshahi,Convenience,2024-02,2,60866.28,29,268
OT047,Rajshahi,Express,2024-02,2,122318.58,29,475
OT012,Dhaka,Convenience,2024-01,1,122682.79,31,460
OT024,Khulna,Express,2024-01,1,135005.64,31,508
OT030,Dhaka,Superstore,2024-01,1,314878.79,31,1306
OT031,Barisal,Mega,2024-01,1,431822.85,31,1659
OT042,Sylhet,Express,2024-01,1,213762.99,31,883
OT003,Barisal,Mega,2024-02,2,260108.76,29,1031
OT011,Chittagong,Superstore,2024-02,2,266199,29,1052
OT017,Dhaka,Express,2024-02,2,242291.15,29,1044
OT004,Barisal,Express,2024-01,1,97493.87,31,365
OT024,Khulna,Express,2024-02,2,136218.95,29,493
OT039,Barisal,Mega,2024-02,2,412522.32,29,1658
OT034,Dhaka,Convenience,2024-01,1,83363.99,31,311
OT038,Rajshahi,Superstore,2024-01,1,427319.64,31,1647
OT039,Barisal,Mega,2024-01,1,403795.23,31,1678
OT043,Khulna,Superstore,2024-01,1,211946.16,31,852
OT050,Dhaka,Superstore,2024-01,1,388233.9,31,1547
OT002,Khulna,Convenience,2024-02,2,97928.09,29,397
OT009,Dhaka,Mega,2024-02,2,367636.49,29,1474
OT010,Chittagong,Mega,2024-02,2,326916.44,29,1299
OT030,Dhaka,Superstore,2024-02,2,319358.14,29,1249
OT038,Rajshahi,Superstore,2024-02,2,432417.8,29,1666
OT040,Chittagong,Express,2024-02,2,237340.31,29,950
OT006,Barisal,Superstore,2024-01,1,261745.71,31,1011
OT009,Dhaka,Mega,2024-01,1,377095.15,31,1532
OT027,Khulna,Superstore,2024-01,1,380033.29,31,1477
OT018,Khulna,Express,2024-02,2,94499.72,29,371
OT013,Khulna,Convenience,2024-01,1,112187.76,31,437
OT023,Dhaka,Superstore,2024-01,1,278015.02,31,1099
OT041,Dhaka,Superstore,2024-01,1,164253.66,31,639
OT012,Dhaka,Convenience,2024-02,2,123238.72,29,458
OT016,Rajshahi,Superstore,2024-02,2,385262.65,29,1510
OT028,Dhaka,Express,2024-02,2,215553.37,29,863
OT029,Chittagong,Express,2024-02,2,222863.21,29,887
OT002,Khulna,Convenience,2024-01,1,100333.63,31,376
OT005,Rajshahi,Superstore,2024-01,1,156044.51,31,602
OT010,Chittagong,Mega,2024-01,1,332166.37,31,1287
OT035,Chittagong,Convenience,2024-01,1,116253.06,31,450
OT004,Barisal,Express,2024-02,2,99065.53,29,380
OT033,Chittagong,Superstore,2024-02,2,234294.24,29,968
OT037,Sylhet,Express,2024-02,2,177424.02,29,708
OT041,Dhaka,Superstore,2024-02,2,160482.15,29,612
OT046,Chittagong,Mega,2024-02,2,314066.17,29,1192
OT021,Khulna,Mega,2024-01,1,320990.23,31,1225
OT026,Sylhet,Mega,2024-01,1,296680.83,31,1196
OT047,Rajshahi,Express,2024-01,1,125310.89,31,468
OT036,Chittagong,Convenience,2024-02,2,69083.77,29,296
OT020,Mymensingh,Superstore,2024-01,1,407706.98,31,1657
OT025,Sylhet,Express,2024-01,1,136319.5,31,504
OT032,Rajshahi,Superstore,2024-01,1,260691.47,31,1061
OT001,Mymensingh,Express,2024-02,2,121178.13,29,434
OT032,Rajshahi,Superstore,2024-02,2,256491.99,29,1018
OT048,Chittagong,Express,2024-02,2,207657.7,29,824
OT011,Chittagong,Superstore,2024-03,3,298531.41,31,1139
OT013,Khulna,Convenience,2024-03,3,127353.26,31,497
OT017,Dhaka,Express,2024-03,3,263904.66,31,1004
OT025,Sylhet,Express,2024-04,4,145746.18,30,555
OT029,Chittagong,Express,2024-03,3,250816.41,31,985
OT041,Dhaka,Superstore,2024-03,3,175261.89,31,660
OT016,Rajshahi,Superstore,2024-03,3,417312.68,31,1716
OT019,Dhaka,Express,2024-03,3,286156.87,31,1159
OT035,Chittagong,Convenience,2024-03,3,130776.18,31,512
OT040,Chittagong,Express,2024-03,3,262426.44,31,1017
OT044,Rajshahi,Convenience,2024-03,3,70271.54,31,296
OT016,Rajshahi,Superstore,2024-04,4,420707.41,30,1656
OT004,Barisal,Express,2024-03,3,112592.91,31,438
OT021,Khulna,Mega,2024-03,3,360556.28,31,1367
OT002,Khulna,Convenience,2024-03,3,108998.97,31,418
OT015,Dhaka,Superstore,2024-03,3,198058.89,31,762
OT023,Dhaka,Superstore,2024-03,3,307327.61,31,1207
OT048,Chittagong,Express,2024-03,3,231411.15,31,895
OT002,Khulna,Convenience,2024-04,4,103084.75,30,401
OT038,Rajshahi,Superstore,2024-03,3,484027.62,31,1895
OT003,Barisal,Mega,2024-04,4,279908.85,30,1149
OT005,Rajshahi,Superstore,2024-04,4,167921.17,30,644
OT003,Barisal,Mega,2024-03,3,295824.69,31,1136
OT008,Dhaka,Convenience,2024-03,3,125564.48,31,475
OT014,Chittagong,Superstore,2024-03,3,421772.89,31,1677
OT025,Sylhet,Express,2024-03,3,150616.18,31,608
OT028,Dhaka,Express,2024-03,3,241048.67,31,929
OT011,Chittagong,Superstore,2024-04,4,300167.33,30,1176
OT015,Dhaka,Superstore,2024-04,4,184086.99,30,699
OT007,Dhaka,Superstore,2024-03,3,337384.98,31,1387
OT010,Chittagong,Mega,2024-03,3,364351.33,31,1463
OT043,Khulna,Superstore,2024-03,3,236007.22,31,954
OT049,Dhaka,Express,2024-03,3,127450.86,31,483
OT019,Dhaka,Express,2024-04,4,269888.32,30,1063
OT022,Dhaka,Superstore,2024-04,4,415694.44,30,1659
OT024,Khulna,Express,2024-04,4,143714.96,30,561
OT009,Dhaka,Mega,2024-03,3,403625.26,31,1604
OT030,Dhaka,Superstore,2024-03,3,360235.5,31,1461
OT031,Barisal,Mega,2024-03,3,456664.01,31,1879
OT050,Dhaka,Superstore,2024-03,3,425481.22,31,1705
OT047,Rajshahi,Express,2024-03,3,141738.27,31,535
OT006,Barisal,Superstore,2024-04,4,283056.97,30,1111
OT009,Dhaka,Mega,2024-04,4,400339.71,30,1574
OT010,Chittagong,Mega,2024-04,4,350272.74,30,1419
OT017,Dhaka,Express,2024-04,4,266988.4,30,1057
OT012,Dhaka,Convenience,2024-03,3,137967.8,31,532
OT020,Mymensingh,Superstore,2024-03,3,462480.5,31,1733
OT026,Sylhet,Mega,2024-03,3,334827.87,31,1369
OT037,Sylhet,Express,2024-03,3,200282.94,31,821
OT012,Dhaka,Convenience,2024-04,4,129692.75,30,509
OT005,Rajshahi,Superstore,2024-03,3,176436.81,31,637
OT018,Khulna,Express,2024-03,3,107271.04,31,402
OT034,Dhaka,Convenience,2024-03,3,91319.09,31,356
OT046,Chittagong,Mega,2024-03,3,358423.06,31,1533
OT001,Mymensingh,Express,2024-04,4,137102.71,30,540
OT004,Barisal,Express,2024-04,4,106863.14,30,405
OT007,Dhaka,Superstore,2024-04,4,309825.19,30,1230
OT008,Dhaka,Convenience,2024-04,4,122045.28,30,449
OT018,Khulna,Express,2024-04,4,102973.72,30,393
OT021,Khulna,Mega,2024-04,4,354580.76,30,1413
OT023,Dhaka,Superstore,2024-04,4,298422.55,30,1221
OT027,Khulna,Superstore,2024-03,3,430129.3,31,1679
OT039,Barisal,Mega,2024-03,3,461213.02,31,1789
OT001,Mymensingh,Express,2024-03,3,141270.59,31,547
OT032,Rajshahi,Superstore,2024-03,3,291573.4,31,1202
OT014,Chittagong,Superstore,2024-04,4,410750.97,30,1581
OT022,Dhaka,Superstore,2024-03,3,438499.79,31,1816
OT024,Khulna,Express,2024-03,3,147541.84,31,560
OT020,Mymensingh,Superstore,2024-04,4,449730.76,30,1828
OT006,Barisal,Superstore,2024-03,3,297241.81,31,1236
OT033,Chittagong,Superstore,2024-03,3,262185.61,31,991
OT036,Chittagong,Convenience,2024-03,3,78384.33,31,318
OT042,Sylhet,Express,2024-03,3,237245.36,31,926
OT045,Khulna,Superstore,2024-03,3,224116.93,31,909
OT013,Khulna,Convenience,2024-04,4,122105.07,30,457
OT030,Dhaka,Superstore,2024-04,4,336334.67,30,1371
OT040,Chittagong,Express,2024-04,4,256066.28,30,964
OT019,Dhaka,Express,2024-05,5,277688.06,31,1048
OT033,Chittagong,Superstore,2024-05,5,266236.09,31,1083
OT035,Chittagong,Convenience,2024-05,5,125605.46,31,473
OT041,Dhaka,Superstore,2024-05,5,178367.63,31,702
OT039,Barisal,Mega,2024-04,4,444102.25,30,1804
OT049,Dhaka,Express,2024-04,4,121158.73,30,481
OT002,Khulna,Convenience,2024-05,5,106718.25,31,400
OT003,Barisal,Mega,2024-05,5,290409.17,31,1166
OT016,Rajshahi,Superstore,2024-05,5,422386.67,31,1671
OT026,Sylhet,Mega,2024-04,4,322357.61,30,1268
OT029,Chittagong,Express,2024-04,4,245234.26,30,988
OT038,Rajshahi,Superstore,2024-04,4,459455.86,30,1812
OT017,Dhaka,Express,2024-05,5,266847.79,31,1056
OT022,Dhaka,Superstore,2024-05,5,439163.77,31,1716
OT028,Dhaka,Express,2024-04,4,236512.31,30,925
OT043,Khulna,Superstore,2024-04,4,229160.78,30,917
OT050,Dhaka,Superstore,2024-04,4,410430.8,30,1592
OT015,Dhaka,Superstore,2024-05,5,196112.82,31,748
OT032,Rajshahi,Superstore,2024-05,5,286843.08,31,1093
OT044,Rajshahi,Convenience,2024-05,5,67386.79,31,295
OT047,Rajshahi,Express,2024-05,5,140912.89,31,538
OT032,Rajshahi,Superstore,2024-04,4,282625.63,30,1088
OT037,Sylhet,Express,2024-04,4,190742.09,30,714
OT009,Dhaka,Mega,2024-05,5,410707.67,31,1577
OT049,Dhaka,Express,2024-05,5,127886.15,31,511
OT035,Chittagong,Convenience,2024-04,4,121012.37,30,458
OT046,Chittagong,Mega,2024-04,4,345800.52,30,1371
OT021,Khulna,Mega,2024-05,5,355774.43,31,1312
OT023,Dhaka,Superstore,2024-05,5,306619.3,31,1182
OT024,Khulna,Express,2024-05,5,151107.1,31,593
OT030,Dhaka,Superstore,2024-05,5,355144.04,31,1442
OT033,Chittagong,Superstore,2024-04,4,257940.93,30,1014
OT045,Khulna,Superstore,2024-04,4,207589.17,30,771
OT025,Sylhet,Express,2024-05,5,143600.83,31,547
OT045,Khulna,Superstore,2024-05,5,213141.69,31,831
OT044,Rajshahi,Convenience,2024-04,4,67611.92,30,277
OT048,Chittagong,Express,2024-04,4,223873.75,30,875
OT034,Dhaka,Convenience,2024-05,5,88167.34,31,332
OT038,Rajshahi,Superstore,2024-05,5,481822.45,31,1941
OT050,Dhaka,Superstore,2024-05,5,418099.81,31,1655
OT031,Barisal,Mega,2024-04,4,453892.72,30,1823
OT031,Barisal,Mega,2024-05,5,472119.89,31,1913
OT039,Barisal,Mega,2024-05,5,437511.37,31,1721
OT006,Barisal,Superstore,2024-05,5,301533.42,31,1155
OT012,Dhaka,Convenience,2024-05,5,132532.88,31,494
OT029,Chittagong,Express,2024-05,5,247574.4,31,920
OT041,Dhaka,Superstore,2024-04,4,174187.87,30,680
OT027,Khulna,Superstore,2024-04,4,395262.02,30,1623
OT007,Dhaka,Superstore,2024-05,5,341949.54,31,1278
OT037,Sylhet,Express,2024-05,5,208619.09,31,786
OT036,Chittagong,Convenience,2024-04,4,73820.44,30,288
OT010,Chittagong,Mega,2024-05,5,369515.41,31,1403
OT036,Chittagong,Convenience,2024-05,5,77357.46,31,305
OT040,Chittagong,Express,2024-05,5,262079.23,31,1021
OT043,Khulna,Superstore,2024-05,5,229809.55,31,886
OT047,Rajshahi,Express,2024-04,4,132204.2,30,488
OT008,Dhaka,Convenience,2024-05,5,123564.84,31,477
OT011,Chittagong,Superstore,2024-05,5,297506.97,31,1160
OT018,Khulna,Express,2024-05,5,103424.7,31,390
OT020,Mymensingh,Superstore,2024-05,5,456955.63,31,1746
OT026,Sylhet,Mega,2024-05,5,332625.53,31,1302
OT028,Dhaka,Express,2024-05,5,242481.45,31,913
OT046,Chittagong,Mega,2024-05,5,348085.89,31,1398
OT034,Dhaka,Convenience,2024-04,4,86597.67,30,329
OT042,Sylhet,Express,2024-04,4,222785.21,30,863
OT001,Mymensingh,Express,2024-05,5,140762.66,31,527
OT004,Barisal,Express,2024-05,5,106343.9,31,389
OT005,Rajshahi,Superstore,2024-05,5,169301.99,31,625
OT013,Khulna,Convenience,2024-05,5,124670.17,31,480
OT014,Chittagong,Superstore,2024-05,5,413766.81,31,1670
OT027,Khulna,Superstore,2024-05,5,412617.32,31,1608
OT042,Sylhet,Express,2024-05,5,237549.27,31,950
OT048,Chittagong,Express,2024-05,5,233852.45,31,923
OT008,Dhaka,Convenience,2024-06,6,113962.78,30,442
OT012,Dhaka,Convenience,2024-06,6,126155.85,30,473
OT005,Rajshahi,Superstore,2024-07,7,158602.39,31,613
OT027,Khulna,Superstore,2024-07,7,373772.98,31,1443
OT032,Rajshahi,Superstore,2024-07,7,257693.96,31,1018
OT003,Barisal,Mega,2024-06,6,274048.79,30,1067
OT041,Dhaka,Superstore,2024-06,6,163550.81,30,618
OT009,Dhaka,Mega,2024-07,7,370058.43,31,1453
OT015,Dhaka,Superstore,2024-07,7,175402.71,31,686
OT028,Dhaka,Express,2024-07,7,215097.87,31,859
OT045,Khulna,Superstore,2024-07,7,193098.97,31,773
OT016,Rajshahi,Superstore,2024-06,6,406781.41,30,1664
OT018,Khulna,Express,2024-06,6,98348.28,30,383
OT025,Sylhet,Express,2024-06,6,140313.4,30,537
OT027,Khulna,Superstore,2024-06,6,393976.39,30,1529
OT046,Chittagong,Mega,2024-06,6,332931.93,30,1317
OT029,Chittagong,Express,2024-07,7,222073.94,31,897
OT039,Barisal,Mega,2024-07,7,409915.28,31,1629
OT001,Mymensingh,Express,2024-06,6,134908.62,30,508
OT009,Dhaka,Mega,2024-06,6,395142.36,30,1585
OT011,Chittagong,Superstore,2024-06,6,282980.75,30,1116
OT030,Dhaka,Superstore,2024-06,6,332075.46,30,1322
OT045,Khulna,Superstore,2024-06,6,197773.66,30,781
OT047,Rajshahi,Express,2024-06,6,130041.74,30,473
OT017,Dhaka,Express,2024-07,7,244770.27,31,961
OT022,Dhaka,Superstore,2024-07,7,388714.16,31,1604
OT038,Rajshahi,Superstore,2024-07,7,441724.56,31,1754
OT047,Rajshahi,Express,2024-07,7,126788.28,31,471
OT050,Dhaka,Superstore,2024-07,7,379189.78,31,1585
OT035,Chittagong,Convenience,2024-06,6,120596.22,30,431
OT038,Rajshahi,Superstore,2024-06,6,435232.14,30,1681
OT010,Chittagong,Mega,2024-07,7,325999.55,31,1308
OT012,Dhaka,Convenience,2024-07,7,123166.46,31,497
OT018,Khulna,Express,2024-07,7,95029.18,31,355
OT044,Rajshahi,Convenience,2024-07,7,62869.11,31,279
OT007,Dhaka,Superstore,2024-06,6,312715.02,30,1250
OT010,Chittagong,Mega,2024-06,6,341232.82,30,1335
OT014,Chittagong,Superstore,2024-06,6,383231.46,30,1514
OT024,Khulna,Express,2024-06,6,135698.98,30,537
OT040,Chittagong,Express,2024-06,6,246219.64,30,893
OT020,Mymensingh,Superstore,2024-07,7,419047.98,31,1602
OT017,Dhaka,Express,2024-06,6,251041.38,30,960
OT023,Dhaka,Superstore,2024-06,6,294078.03,30,1164
OT049,Dhaka,Express,2024-06,6,123837.54,30,470
OT002,Khulna,Convenience,2024-07,7,95995.39,31,366
OT008,Dhaka,Convenience,2024-07,7,109590.71,31,410
OT020,Mymensingh,Superstore,2024-06,6,423373.84,30,1751
OT028,Dhaka,Express,2024-06,6,232853.61,30,925
OT016,Rajshahi,Superstore,2024-07,7,385519.8,31,1470
OT021,Khulna,Mega,2024-07,7,311821.55,31,1244
OT025,Sylhet,Express,2024-07,7,129047.05,31,518
OT030,Dhaka,Superstore,2024-07,7,317627.21,31,1227
OT046,Chittagong,Mega,2024-07,7,321984.58,31,1311
OT004,Barisal,Express,2024-06,6,101918.38,30,358
OT029,Chittagong,Express,2024-06,6,232740.55,30,855
OT039,Barisal,Mega,2024-06,6,430801.47,30,1613
OT050,Dhaka,Superstore,2024-06,6,394615.09,30,1575
OT031,Barisal,Mega,2024-07,7,404173.42,31,1645
OT033,Chittagong,Superstore,2024-07,7,240326.02,31,947
OT034,Dhaka,Convenience,2024-07,7,82161.21,31,316
OT022,Dhaka,Superstore,2024-06,6,400594.02,30,1476
OT033,Chittagong,Superstore,2024-06,6,249214.22,30,975
OT042,Sylhet,Express,2024-06,6,217540.24,30,903
OT003,Barisal,Mega,2024-07,7,262695.62,31,1041
OT024,Khulna,Express,2024-07,7,138575.53,31,559
OT041,Dhaka,Superstore,2024-07,7,158588.82,31,611
OT048,Chittagong,Express,2024-07,7,205357.12,31,766
OT026,Sylhet,Mega,2024-06,6,315306.09,30,1210
OT048,Chittagong,Express,2024-06,6,217994.33,30,831
OT011,Chittagong,Superstore,2024-07,7,269713.06,31,1062
OT049,Dhaka,Express,2024-07,7,115456.34,31,435
OT006,Barisal,Superstore,2024-06,6,279519.35,30,1159
OT032,Rajshahi,Superstore,2024-06,6,272737.2,30,1050
OT037,Sylhet,Express,2024-06,6,194254.6,30,781
OT001,Mymensingh,Express,2024-07,7,129378.84,31,492
OT013,Khulna,Convenience,2024-07,7,111572.29,31,427
OT040,Chittagong,Express,2024-07,7,233085.97,31,871
OT013,Khulna,Convenience,2024-06,6,118119.64,30,447
OT031,Barisal,Mega,2024-06,6,435758.58,30,1672
OT023,Dhaka,Superstore,2024-07,7,289679.39,31,1114
OT035,Chittagong,Convenience,2024-07,7,113093.86,31,422
OT015,Dhaka,Superstore,2024-06,6,179759.44,30,704
OT019,Dhaka,Express,2024-06,6,269508.19,30,1077
OT034,Dhaka,Convenience,2024-06,6,82331.95,30,330
OT036,Chittagong,Convenience,2024-06,6,69826.89,30,280
OT043,Khulna,Superstore,2024-06,6,216123.75,30,829
OT044,Rajshahi,Convenience,2024-06,6,64755.81,30,292
OT004,Barisal,Express,2024-07,7,98917.3,31,372
OT014,Chittagong,Superstore,2024-07,7,377518.53,31,1527
OT019,Dhaka,Express,2024-07,7,256326.12,31,1023
OT026,Sylhet,Mega,2024-07,7,303135.45,31,1234
OT036,Chittagong,Convenience,2024-07,7,65873.01,31,282
OT002,Khulna,Convenience,2024-06,6,103266.97,30,378
OT006,Barisal,Superstore,2024-07,7,260090.93,31,1046
OT007,Dhaka,Superstore,2024-07,7,300815.81,31,1207
OT037,Sylhet,Express,2024-07,7,180210.81,31,674
OT042,Sylhet,Express,2024-07,7,203325.21,31,782
OT005,Rajshahi,Superstore,2024-06,6,165193.54,30,641
OT021,Khulna,Mega,2024-06,6,332769.61,30,1235
OT043,Khulna,Superstore,2024-07,7,214024.4,31,858
OT019,Dhaka,Express,2024-08,8,245302.15,31,936
OT035,Chittagong,Convenience,2024-08,8,109925.88,31,419
OT029,Chittagong,Express,2024-08,8,219590.1,31,880
OT046,Chittagong,Mega,2024-08,8,305357.16,31,1275
OT001,Mymensingh,Express,2024-08,8,123804.16,31,454
OT021,Khulna,Mega,2024-08,8,315534.13,31,1271
OT025,Sylhet,Express,2024-08,8,124330.14,31,481
OT043,Khulna,Superstore,2024-08,8,206408.44,31,834
OT003,Barisal,Mega,2024-08,8,247147.8,31,947
OT009,Dhaka,Mega,2024-08,8,362610.39,31,1497
OT011,Chittagong,Superstore,2024-08,8,262687.33,31,1030
OT028,Dhaka,Express,2024-08,8,214042.1,31,820
OT038,Rajshahi,Superstore,2024-08,8,414882.73,31,1708
OT049,Dhaka,Express,2024-08,8,112182.8,31,427
OT005,Rajshahi,Superstore,2024-08,8,153655.19,31,596
OT006,Barisal,Superstore,2024-08,8,249474.82,31,963
OT008,Dhaka,Convenience,2024-08,8,107605.03,31,402
OT010,Chittagong,Mega,2024-08,8,327277.57,31,1246
OT004,Barisal,Express,2024-08,8,94858.43,31,367
OT039,Barisal,Mega,2024-08,8,400160.85,31,1602
OT013,Khulna,Convenience,2024-08,8,110900.79,31,406
OT017,Dhaka,Express,2024-08,8,229955.68,31,888
OT020,Mymensingh,Superstore,2024-08,8,399267.31,31,1535
OT022,Dhaka,Superstore,2024-08,8,373339.19,31,1482
OT032,Rajshahi,Superstore,2024-08,8,253156.43,31,930
OT044,Rajshahi,Convenience,2024-08,8,60435.73,31,283
OT050,Dhaka,Superstore,2024-08,8,368601.68,31,1498
OT024,Khulna,Express,2024-08,8,127293.43,31,468
OT026,Sylhet,Mega,2024-08,8,295235.33,31,1215
OT042,Sylhet,Express,2024-08,8,204758.7,31,818
OT040,Chittagong,Express,2024-08,8,226929.93,31,927
OT047,Rajshahi,Express,2024-08,8,125973.99,31,471
OT015,Dhaka,Superstore,2024-08,8,162372.77,31,629
OT027,Khulna,Superstore,2024-08,8,367077.58,31,1528
OT031,Barisal,Mega,2024-08,8,414193.51,31,1733
OT002,Khulna,Convenience,2024-08,8,94019.2,31,362
OT016,Rajshahi,Superstore,2024-08,8,370494.56,31,1503
OT023,Dhaka,Superstore,2024-08,8,269461.85,31,1049
OT034,Dhaka,Convenience,2024-08,8,76533.47,31,304
OT036,Chittagong,Convenience,2024-08,8,65737.84,31,295
OT007,Dhaka,Superstore,2024-08,8,282043.01,31,1137
OT030,Dhaka,Superstore,2024-08,8,299660.62,31,1175
OT041,Dhaka,Superstore,2024-08,8,148713.55,31,579
OT045,Khulna,Superstore,2024-08,8,184999.4,31,706
OT014,Chittagong,Superstore,2024-08,8,364824.06,31,1402
OT033,Chittagong,Superstore,2024-08,8,226411.98,31,857
OT012,Dhaka,Convenience,2024-08,8,118839.01,31,440
OT018,Khulna,Express,2024-08,8,90337.94,31,353
OT037,Sylhet,Express,2024-08,8,173912.39,31,662
OT048,Chittagong,Express,2024-08,8,202677.16,31,827
OT027,Khulna,Superstore,2024-09,9,334380.15,30,1297
OT036,Chittagong,Convenience,2024-09,9,57510.42,30,272
OT039,Barisal,Mega,2024-09,9,372369.54,30,1486
OT007,Dhaka,Superstore,2024-10,10,267091.11,31,1027
OT016,Rajshahi,Superstore,2024-10,10,345374.65,31,1388
OT023,Dhaka,Superstore,2024-10,10,249061.92,31,995
OT025,Sylhet,Express,2024-10,10,115064.79,31,434
OT037,Sylhet,Express,2024-09,9,161345.79,30,614
OT046,Chittagong,Mega,2024-09,9,281758.05,30,1115
OT005,Rajshahi,Superstore,2024-10,10,141024.98,31,564
OT018,Khulna,Express,2024-10,10,84013.51,31,338
OT005,Rajshahi,Superstore,2024-09,9,142940.95,30,553
OT048,Chittagong,Express,2024-09,9,187472.77,30,719
OT049,Dhaka,Express,2024-09,9,106662.2,30,410
OT006,Barisal,Superstore,2024-09,9,237527.41,30,966
OT031,Barisal,Mega,2024-09,9,377594.28,30,1423
OT010,Chittagong,Mega,2024-09,9,300417.44,30,1123
OT015,Dhaka,Superstore,2024-09,9,155326.62,30,613
OT034,Dhaka,Convenience,2024-09,9,72155.17,30,282
OT041,Dhaka,Superstore,2024-09,9,141529.61,30,551
OT047,Rajshahi,Express,2024-09,9,111566.44,30,422
OT002,Khulna,Convenience,2024-10,10,86455.63,31,348
OT008,Dhaka,Convenience,2024-10,10,100655.3,31,382
OT013,Khulna,Convenience,2024-09,9,98415.09,30,373
OT035,Chittagong,Convenience,2024-09,9,102760.81,30,386
OT012,Dhaka,Convenience,2024-10,10,109823.01,31,410
OT018,Khulna,Express,2024-09,9,85071.62,30,341
OT020,Mymensingh,Superstore,2024-09,9,369730.82,30,1517
OT022,Dhaka,Superstore,2024-09,9,358130.06,30,1329
OT024,Khulna,Express,2024-09,9,119769.51,30,441
OT026,Sylhet,Mega,2024-09,9,272290.48,30,1073
OT029,Chittagong,Express,2024-09,9,203022,30,771
OT042,Sylhet,Express,2024-09,9,192425.76,30,741
OT006,Barisal,Superstore,2024-10,10,245462.32,31,964
OT028,Dhaka,Express,2024-09,9,200724.04,30,843
OT050,Dhaka,Superstore,2024-09,9,345806.36,30,1315
OT024,Khulna,Express,2024-10,10,121485.92,31,450
OT017,Dhaka,Express,2024-09,9,215423.38,30,854
OT001,Mymensingh,Express,2024-09,9,112692.84,30,420
OT003,Barisal,Mega,2024-09,9,231900.36,30,872
OT004,Barisal,Express,2024-09,9,88237.57,30,336
OT007,Dhaka,Superstore,2024-09,9,267287.61,30,1080
OT014,Chittagong,Superstore,2024-09,9,332953.31,30,1348
OT033,Chittagong,Superstore,2024-09,9,213842.28,30,829
OT001,Mymensingh,Express,2024-10,10,116706.89,31,446
OT019,Dhaka,Express,2024-10,10,222871.43,31,872
OT009,Dhaka,Mega,2024-09,9,342766.43,30,1313
OT016,Rajshahi,Superstore,2024-09,9,348785,30,1446
OT021,Khulna,Mega,2024-09,9,290996.96,30,1150
OT008,Dhaka,Convenience,2024-09,9,96991.12,30,352
OT025,Sylhet,Express,2024-09,9,114964.77,30,412
OT032,Rajshahi,Superstore,2024-09,9,230798.46,30,899
OT015,Dhaka,Superstore,2024-10,10,157542.97,31,595
OT021,Khulna,Mega,2024-10,10,289406.16,31,1124
OT002,Khulna,Convenience,2024-09,9,85771.66,30,318
OT043,Khulna,Superstore,2024-09,9,189065,30,734
OT010,Chittagong,Mega,2024-10,10,294784.85,31,1102
OT011,Chittagong,Superstore,2024-10,10,249998.69,31,996
OT011,Chittagong,Superstore,2024-09,9,250913.68,30,973
OT012,Dhaka,Convenience,2024-09,9,110619.63,30,420
OT044,Rajshahi,Convenience,2024-09,9,55307.93,30,276
OT045,Khulna,Superstore,2024-09,9,167225.39,30,624
OT003,Barisal,Mega,2024-10,10,239190.71,31,1004
OT009,Dhaka,Mega,2024-10,10,345866.76,31,1356
OT017,Dhaka,Express,2024-10,10,215374.6,31,844
OT020,Mymensingh,Superstore,2024-10,10,369602.38,31,1460
OT019,Dhaka,Express,2024-09,9,230145.98,30,914
OT023,Dhaka,Superstore,2024-09,9,245011.91,30,953
OT038,Rajshahi,Superstore,2024-09,9,380357.38,30,1553
OT004,Barisal,Express,2024-10,10,87771.04,31,327
OT013,Khulna,Convenience,2024-10,10,100909.85,31,370
OT014,Chittagong,Superstore,2024-10,10,331981.42,31,1321
OT022,Dhaka,Superstore,2024-10,10,357458.78,31,1425
OT030,Dhaka,Superstore,2024-09,9,296719.84,30,1215
OT040,Chittagong,Express,2024-09,9,215712.97,30,834
OT026,Sylhet,Mega,2024-10,10,277395.03,31,1052
OT027,Khulna,Superstore,2024-10,10,343317.26,31,1368
OT048,Chittagong,Express,2024-10,10,188630.07,31,767
OT003,Barisal,Mega,2024-11,11,240141.58,30,959
OT007,Dhaka,Superstore,2024-11,11,264284.57,30,985
OT011,Chittagong,Superstore,2024-11,11,239623.96,30,955
OT012,Dhaka,Convenience,2024-11,11,106743.13,30,401
OT020,Mymensingh,Superstore,2024-11,11,370006.89,30,1399
OT026,Sylhet,Mega,2024-11,11,271966.56,30,1058
OT029,Chittagong,Express,2024-11,11,202725.76,30,746
OT031,Barisal,Mega,2024-11,11,377879.26,30,1544
OT039,Barisal,Mega,2024-10,10,372589.2,31,1527
OT039,Barisal,Mega,2024-11,11,367287.06,30,1345
OT042,Sylhet,Express,2024-11,11,188640.92,30,703
OT001,Mymensingh,Express,2024-11,11,115719.77,30,464
OT002,Khulna,Convenience,2024-11,11,89104.07,30,343
OT021,Khulna,Mega,2024-11,11,286440.07,30,1166
OT034,Dhaka,Convenience,2024-11,11,73049.78,30,292
OT031,Barisal,Mega,2024-10,10,397079.61,31,1508
OT024,Khulna,Express,2024-11,11,123689.02,30,452
OT027,Khulna,Superstore,2024-11,11,346200.12,30,1424
OT035,Chittagong,Convenience,2024-11,11,104454.94,30,379
OT037,Sylhet,Express,2024-11,11,163469.24,30,614
OT041,Dhaka,Superstore,2024-10,10,142201.08,31,552
OT044,Rajshahi,Convenience,2024-10,10,54648.87,31,284
OT019,Dhaka,Express,2024-11,11,230757.55,30,897
OT036,Chittagong,Convenience,2024-11,11,59803.74,30,271
OT038,Rajshahi,Superstore,2024-11,11,395803.74,30,1531
OT004,Barisal,Express,2024-11,11,88724.42,30,343
OT025,Sylhet,Express,2024-11,11,112615.14,30,414
OT041,Dhaka,Superstore,2024-11,11,135778.14,30,515
OT034,Dhaka,Convenience,2024-10,10,72439.57,31,291
OT008,Dhaka,Convenience,2024-11,11,100124.32,30,355
OT046,Chittagong,Mega,2024-11,11,292100.71,30,1205
OT048,Chittagong,Express,2024-11,11,185634.14,30,692
OT047,Rajshahi,Express,2024-10,10,112519.72,31,432
OT015,Dhaka,Superstore,2024-11,11,159215.49,30,613
OT028,Dhaka,Express,2024-11,11,201068.53,30,760
OT045,Khulna,Superstore,2024-11,11,169592.67,30,652
OT035,Chittagong,Convenience,2024-10,10,102527.63,31,364
OT010,Chittagong,Mega,2024-11,11,297378.66,30,1215
OT013,Khulna,Convenience,2024-11,11,100344.26,30,366
OT014,Chittagong,Superstore,2024-11,11,338846.78,30,1382
OT018,Khulna,Express,2024-11,11,82040.62,30,316
OT028,Dhaka,Express,2024-10,10,201104.39,31,802
OT030,Dhaka,Superstore,2024-10,10,280902.47,31,1135
OT009,Dhaka,Mega,2024-11,11,330944.32,30,1278
OT017,Dhaka,Express,2024-11,11,215235.26,30,837
OT040,Chittagong,Express,2024-11,11,210758.99,30,844
OT029,Chittagong,Express,2024-10,10,202177.25,31,772
OT033,Chittagong,Superstore,2024-10,10,216570.64,31,864
OT036,Chittagong,Convenience,2024-10,10,60168.6,31,277
OT037,Sylhet,Express,2024-10,10,162504.02,31,605
OT038,Rajshahi,Superstore,2024-10,10,392135.4,31,1543
OT049,Dhaka,Express,2024-10,10,103485.05,31,388
OT005,Rajshahi,Superstore,2024-11,11,143869.93,30,572
OT006,Barisal,Superstore,2024-11,11,238359.43,30,922
OT022,Dhaka,Superstore,2024-11,11,353761.54,30,1407
OT023,Dhaka,Superstore,2024-11,11,249723.74,30,1025
OT044,Rajshahi,Convenience,2024-11,11,55840.2,30,275
OT049,Dhaka,Express,2024-11,11,104980.19,30,395
OT042,Sylhet,Express,2024-10,10,190188.92,31,730
OT033,Chittagong,Superstore,2024-11,11,217108.18,30,818
OT043,Khulna,Superstore,2024-10,10,192043.35,31,766
OT046,Chittagong,Mega,2024-10,10,287651.87,31,1171
OT050,Dhaka,Superstore,2024-10,10,340872.67,31,1353
OT030,Dhaka,Superstore,2024-11,11,285781.46,30,1182
OT047,Rajshahi,Express,2024-11,11,115430.49,30,431
OT032,Rajshahi,Superstore,2024-10,10,235723.17,31,987
OT040,Chittagong,Express,2024-10,10,213343.46,31,830
OT016,Rajshahi,Superstore,2024-11,11,356616.11,30,1455
OT050,Dhaka,Superstore,2024-11,11,341535.03,30,1410
OT045,Khulna,Superstore,2024-10,10,167771.85,31,694
OT032,Rajshahi,Superstore,2024-11,11,224415.76,30,856
OT043,Khulna,Superstore,2024-11,11,188681.27,30,762
OT015,Dhaka,Superstore,2024-12,12,169197.82,31,649
OT019,Dhaka,Express,2024-12,12,246086.66,31,984
OT023,Dhaka,Superstore,2024-12,12,267005.15,31,1049
OT038,Rajshahi,Superstore,2024-12,12,410861.36,31,1730
OT050,Dhaka,Superstore,2024-12,12,380421.5,31,1469
OT031,Barisal,Mega,2024-12,12,411516.66,31,1576
OT034,Dhaka,Convenience,2024-12,12,77060.11,31,309
OT022,Dhaka,Superstore,2024-12,12,374022.45,31,1423
OT027,Khulna,Superstore,2024-12,12,361196.25,31,1442
OT032,Rajshahi,Superstore,2024-12,12,248225.22,31,965
OT033,Chittagong,Superstore,2024-12,12,230272.16,31,869
OT042,Sylhet,Express,2024-12,12,197988.92,31,748
OT048,Chittagong,Express,2024-12,12,200013.36,31,789
OT049,Dhaka,Express,2024-12,12,111164,31,466
OT007,Dhaka,Superstore,2024-12,12,282616.93,31,1131
OT011,Chittagong,Superstore,2024-12,12,262247.59,31,1079
OT025,Sylhet,Express,2024-12,12,121464.7,31,480
OT003,Barisal,Mega,2024-12,12,252417.74,31,1013
OT021,Khulna,Mega,2024-12,12,312830.45,31,1240
OT014,Chittagong,Superstore,2024-12,12,353172.83,31,1382
OT047,Rajshahi,Express,2024-12,12,123406.81,31,470
OT013,Khulna,Convenience,2024-12,12,109932.52,31,423
OT024,Khulna,Express,2024-12,12,131328.07,31,506
OT028,Dhaka,Express,2024-12,12,209698.49,31,828
OT005,Rajshahi,Superstore,2024-12,12,155271.19,31,608
OT037,Sylhet,Express,2024-12,12,175860.88,31,699
OT041,Dhaka,Superstore,2024-12,12,150893.86,31,577
OT046,Chittagong,Mega,2024-12,12,311111.07,31,1209
OT012,Dhaka,Convenience,2024-12,12,114422.37,31,455
OT039,Barisal,Mega,2024-12,12,387916.15,31,1619
OT040,Chittagong,Express,2024-12,12,227372.19,31,921
OT016,Rajshahi,Superstore,2024-12,12,375107.2,31,1489
OT020,Mymensingh,Superstore,2024-12,12,402121.19,31,1598
OT026,Sylhet,Mega,2024-12,12,292542.01,31,1132
OT004,Barisal,Express,2024-12,12,94721.23,31,351
OT017,Dhaka,Express,2024-12,12,234697.71,31,939
OT030,Dhaka,Superstore,2024-12,12,304724.85,31,1256
OT035,Chittagong,Convenience,2024-12,12,112750.44,31,426
OT036,Chittagong,Convenience,2024-12,12,63439.1,31,281
OT044,Rajshahi,Convenience,2024-12,12,60135.2,31,284
OT002,Khulna,Convenience,2024-12,12,93751.91,31,368
OT029,Chittagong,Express,2024-12,12,212920.55,31,806
OT018,Khulna,Express,2024-12,12,87041.67,31,334
OT043,Khulna,Superstore,2024-12,12,207376.4,31,798
OT045,Khulna,Superstore,2024-12,12,175008.78,31,648
OT001,Mymensingh,Express,2024-12,12,119594.57,31,443
OT006,Barisal,Superstore,2024-12,12,264064.24,31,1048
OT008,Dhaka,Convenience,2024-12,12,105674.53,31,399
OT009,Dhaka,Mega,2024-12,12,360612.14,31,1413
OT010,Chittagong,Mega,2024-12,12,317924.06,31,1292